timestamp, uuid, name, clocks.current.graphics [MHz], clocks.current.memory [MHz], clocks.max.graphics [MHz], temperature.gpu, power.draw [W], power.limit [W], utilization.gpu [%], utilization.memory [%], clocks_event_reasons.gpu_idle, clocks_event_reasons.sw_power_cap, clocks_event_reasons.hw_slowdown, clocks_event_reasons.hw_thermal_slowdown, clocks_event_reasons.sw_thermal_slowdown, clocks_event_reasons.active
2026/09/14 17:47:02.891, GPU-5b052ad1-4272-40db-4b25-c930bf32b547, NVIDIA GeForce RTX 4090, 270 MHz, 405 MHz, 3105 MHz, 38, 21.26 W, 450.00 W, 20 %, 7 %, Active, Not Active, Not Active, Not Active, Not Active, 0x0000000000000001
2026/09/14 17:47:07.898, GPU-5b052ad1-4272-40db-4b25-c930bf32b547, NVIDIA GeForce RTX 4090, 2595 MHz, 10251 MHz, 3105 MHz, 59, 451.27 W, 450.00 W, 100 %, 23 %, Not Active, Active, Not Active, Not Active, Not Active, 0x0000000000000004
2026/09/14 17:47:12.900, GPU-5b052ad1-4272-40db-4b25-c930bf32b547, NVIDIA GeForce RTX 4090, 2565 MHz, 10251 MHz, 3105 MHz, 62, 449.97 W, 450.00 W, 100 %, 23 %, Not Active, Active, Not Active, Not Active, Not Active, 0x0000000000000004
2026/09/14 17:47:17.915, GPU-5b052ad1-4272-40db-4b25-c930bf32b547, NVIDIA GeForce RTX 4090, 2520 MHz, 10251 MHz, 3105 MHz, 63, 449.28 W, 450.00 W, 100 %, 22 %, Not Active, Active, Not Active, Not Active, Not Active, 0x0000000000000004
2026/09/14 17:47:22.928, GPU-5b052ad1-4272-40db-4b25-c930bf32b547, NVIDIA GeForce RTX 4090, 2520 MHz, 10251 MHz, 3105 MHz, 66, 449.61 W, 450.00 W, 100 %, 22 %, Not Active, Active, Not Active, Not Active, Not Active, 0x0000000000000004
2026/09/14 17:47:27.939, GPU-5b052ad1-4272-40db-4b25-c930bf32b547, NVIDIA GeForce RTX 4090, 2520 MHz, 10251 MHz, 3105 MHz, 67, 448.74 W, 450.00 W, 100 %, 22 %, Not Active, Active, Not Active, Not Active, Not Active, 0x0000000000000004
2026/09/14 17:47:32.952, GPU-5b052ad1-4272-40db-4b25-c930bf32b547, NVIDIA GeForce RTX 4090, 2520 MHz, 10251 MHz, 3105 MHz, 68, 449.38 W, 450.00 W, 100 %, 22 %, Not Active, Active, Not Active, Not Active, Not Active, 0x0000000000000004
2026/09/14 17:47:37.967, GPU-5b052ad1-4272-40db-4b25-c930bf32b547, NVIDIA GeForce RTX 4090, 2490 MHz, 10251 MHz, 3105 MHz, 69, 449.18 W, 450.00 W, 100 %, 22 %, Not Active, Active, Not Active, Not Active, Not Active, 0x0000000000000004
2026/09/14 17:47:42.977, GPU-5b052ad1-4272-40db-4b25-c930bf32b547, NVIDIA GeForce RTX 4090, 2490 MHz, 10251 MHz, 3105 MHz, 70, 449.51 W, 450.00 W, 100 %, 22 %, Not Active, Active, Not Active, Not Active, Not Active, 0x0000000000000004
2026/09/14 17:47:47.987, GPU-5b052ad1-4272-40db-4b25-c930bf32b547, NVIDIA GeForce RTX 4090, 2490 MHz, 10251 MHz, 3105 MHz, 71, 449.37 W, 450.00 W, 100 %, 22 %, Not Active, Active, Not Active, Not Active, Not Active, 0x0000000000000004
2026/09/14 17:47:52.993, GPU-5b052ad1-4272-40db-4b25-c930bf32b547, NVIDIA GeForce RTX 4090, 2505 MHz, 10251 MHz, 3105 MHz, 72, 449.73 W, 450.00 W, 100 %, 22 %, Not Active, Active, Not Active, Not Active, Not Active, 0x0000000000000004
2026/09/14 17:47:57.998, GPU-5b052ad1-4272-40db-4b25-c930bf32b547, NVIDIA GeForce RTX 4090, 2490 MHz, 10251 MHz, 3105 MHz, 72, 449.30 W, 450.00 W, 100 %, 22 %, Not Active, Active, Not Active, Not Active, Not Active, 0x0000000000000004
2026/09/14 17:48:03.012, GPU-5b052ad1-4272-40db-4b25-c930bf32b547, NVIDIA GeForce RTX 4090, 2505 MHz, 10251 MHz, 3105 MHz, 73, 449.73 W, 450.00 W, 100 %, 22 %, Not Active, Active, Not Active, Not Active, Not Active, 0x0000000000000004
2026/09/14 17:48:08.028, GPU-5b052ad1-4272-40db-4b25-c930bf32b547, NVIDIA GeForce RTX 4090, 2475 MHz, 10251 MHz, 3105 MHz, 74, 449.85 W, 450.00 W, 100 %, 22 %, Not Active, Active, Not Active, Not Active, Not Active, 0x0000000000000004
2026/09/14 17:48:13.041, GPU-5b052ad1-4272-40db-4b25-c930bf32b547, NVIDIA GeForce RTX 4090, 2475 MHz, 10251 MHz, 3105 MHz, 74, 449.98 W, 450.00 W, 100 %, 22 %, Not Active, Active, Not Active, Not Active, Not Active, 0x0000000000000004
2026/09/14 17:48:18.045, GPU-5b052ad1-4272-40db-4b25-c930bf32b547, NVIDIA GeForce RTX 4090, 2490 MHz, 10251 MHz, 3105 MHz, 74, 449.88 W, 450.00 W, 100 %, 22 %, Not Active, Active, Not Active, Not Active, Not Active, 0x0000000000000004
2026/09/14 17:48:23.058, GPU-5b052ad1-4272-40db-4b25-c930bf32b547, NVIDIA GeForce RTX 4090, 2505 MHz, 10251 MHz, 3105 MHz, 74, 449.64 W, 450.00 W, 100 %, 22 %, Not Active, Active, Not Active, Not Active, Not Active, 0x0000000000000004
2026/09/14 17:48:28.065, GPU-5b052ad1-4272-40db-4b25-c930bf32b547, NVIDIA GeForce RTX 4090, 2490 MHz, 10251 MHz, 3105 MHz, 75, 449.65 W, 450.00 W, 100 %, 22 %, Not Active, Active, Not Active, Not Active, Not Active, 0x0000000000000004
2026/09/14 17:48:33.072, GPU-5b052ad1-4272-40db-4b25-c930bf32b547, NVIDIA GeForce RTX 4090, 2460 MHz, 10251 MHz, 3105 MHz, 75, 449.77 W, 450.00 W, 100 %, 22 %, Not Active, Active, Not Active, Not Active, Not Active, 0x0000000000000004
2026/09/14 17:48:38.077, GPU-5b052ad1-4272-40db-4b25-c930bf32b547, NVIDIA GeForce RTX 4090, 2490 MHz, 10251 MHz, 3105 MHz, 75, 449.96 W, 450.00 W, 100 %, 22 %, Not Active, Active, Not Active, Not Active, Not Active, 0x0000000000000004
2026/09/14 17:48:43.077, GPU-5b052ad1-4272-40db-4b25-c930bf32b547, NVIDIA GeForce RTX 4090, 2520 MHz, 10251 MHz, 3105 MHz, 75, 449.16 W, 450.00 W, 100 %, 22 %, Not Active, Active, Not Active, Not Active, Not Active, 0x0000000000000004
2026/09/14 17:48:48.086, GPU-5b052ad1-4272-40db-4b25-c930bf32b547, NVIDIA GeForce RTX 4090, 2490 MHz, 10251 MHz, 3105 MHz, 75, 449.61 W, 450.00 W, 100 %, 22 %, Not Active, Active, Not Active, Not Active, Not Active, 0x0000000000000004
2026/09/14 17:48:53.090, GPU-5b052ad1-4272-40db-4b25-c930bf32b547, NVIDIA GeForce RTX 4090, 2490 MHz, 10251 MHz, 3105 MHz, 75, 449.54 W, 450.00 W, 100 %, 22 %, Not Active, Active, Not Active, Not Active, Not Active, 0x0000000000000004
2026/09/14 17:48:58.096, GPU-5b052ad1-4272-40db-4b25-c930bf32b547, NVIDIA GeForce RTX 4090, 2475 MHz, 10251 MHz, 3105 MHz, 75, 449.64 W, 450.00 W, 100 %, 22 %, Not Active, Active, Not Active, Not Active, Not Active, 0x0000000000000004
2026/09/14 17:49:03.100, GPU-5b052ad1-4272-40db-4b25-c930bf32b547, NVIDIA GeForce RTX 4090, 2475 MHz, 10251 MHz, 3105 MHz, 75, 449.40 W, 450.00 W, 100 %, 22 %, Not Active, Active, Not Active, Not Active, Not Active, 0x0000000000000004
2026/09/14 17:49:08.112, GPU-5b052ad1-4272-40db-4b25-c930bf32b547, NVIDIA GeForce RTX 4090, 2505 MHz, 10251 MHz, 3105 MHz, 76, 449.72 W, 450.00 W, 100 %, 22 %, Not Active, Active, Not Active, Not Active, Not Active, 0x0000000000000004
2026/09/14 17:49:13.114, GPU-5b052ad1-4272-40db-4b25-c930bf32b547, NVIDIA GeForce RTX 4090, 2475 MHz, 10251 MHz, 3105 MHz, 76, 449.68 W, 450.00 W, 100 %, 22 %, Not Active, Active, Not Active, Not Active, Not Active, 0x0000000000000004
2026/09/14 17:49:18.119, GPU-5b052ad1-4272-40db-4b25-c930bf32b547, NVIDIA GeForce RTX 4090, 2460 MHz, 10251 MHz, 3105 MHz, 75, 449.80 W, 450.00 W, 100 %, 22 %, Not Active, Active, Not Active, Not Active, Not Active, 0x0000000000000004
2026/09/14 17:49:23.121, GPU-5b052ad1-4272-40db-4b25-c930bf32b547, NVIDIA GeForce RTX 4090, 2490 MHz, 10251 MHz, 3105 MHz, 75, 449.81 W, 450.00 W, 100 %, 22 %, Not Active, Active, Not Active, Not Active, Not Active, 0x0000000000000004
2026/09/14 17:49:28.132, GPU-5b052ad1-4272-40db-4b25-c930bf32b547, NVIDIA GeForce RTX 4090, 2505 MHz, 10251 MHz, 3105 MHz, 75, 449.51 W, 450.00 W, 100 %, 22 %, Not Active, Active, Not Active, Not Active, Not Active, 0x0000000000000004
2026/09/14 17:49:33.148, GPU-5b052ad1-4272-40db-4b25-c930bf32b547, NVIDIA GeForce RTX 4090, 2475 MHz, 10251 MHz, 3105 MHz, 76, 449.64 W, 450.00 W, 100 %, 22 %, Not Active, Active, Not Active, Not Active, Not Active, 0x0000000000000004
2026/09/14 17:49:38.159, GPU-5b052ad1-4272-40db-4b25-c930bf32b547, NVIDIA GeForce RTX 4090, 2475 MHz, 10251 MHz, 3105 MHz, 76, 449.84 W, 450.00 W, 100 %, 22 %, Not Active, Active, Not Active, Not Active, Not Active, 0x0000000000000004
2026/09/14 17:49:43.174, GPU-5b052ad1-4272-40db-4b25-c930bf32b547, NVIDIA GeForce RTX 4090, 2475 MHz, 10251 MHz, 3105 MHz, 75, 449.65 W, 450.00 W, 100 %, 22 %, Not Active, Active, Not Active, Not Active, Not Active, 0x0000000000000004
2026/09/14 17:49:48.189, GPU-5b052ad1-4272-40db-4b25-c930bf32b547, NVIDIA GeForce RTX 4090, 2475 MHz, 10251 MHz, 3105 MHz, 76, 449.86 W, 450.00 W, 100 %, 22 %, Not Active, Active, Not Active, Not Active, Not Active, 0x0000000000000004
2026/09/14 17:49:53.190, GPU-5b052ad1-4272-40db-4b25-c930bf32b547, NVIDIA GeForce RTX 4090, 2475 MHz, 10251 MHz, 3105 MHz, 76, 449.86 W, 450.00 W, 100 %, 22 %, Not Active, Active, Not Active, Not Active, Not Active, 0x0000000000000004
2026/09/14 17:49:58.192, GPU-5b052ad1-4272-40db-4b25-c930bf32b547, NVIDIA GeForce RTX 4090, 2475 MHz, 10251 MHz, 3105 MHz, 76, 449.77 W, 450.00 W, 100 %, 22 %, Not Active, Active, Not Active, Not Active, Not Active, 0x0000000000000004
2026/09/14 17:50:03.198, GPU-5b052ad1-4272-40db-4b25-c930bf32b547, NVIDIA GeForce RTX 4090, 2475 MHz, 10251 MHz, 3105 MHz, 75, 449.70 W, 450.00 W, 100 %, 22 %, Not Active, Active, Not Active, Not Active, Not Active, 0x0000000000000004
2026/09/14 17:50:08.204, GPU-5b052ad1-4272-40db-4b25-c930bf32b547, NVIDIA GeForce RTX 4090, 2460 MHz, 10251 MHz, 3105 MHz, 75, 449.95 W, 450.00 W, 100 %, 22 %, Not Active, Active, Not Active, Not Active, Not Active, 0x0000000000000004
2026/09/14 17:50:13.206, GPU-5b052ad1-4272-40db-4b25-c930bf32b547, NVIDIA GeForce RTX 4090, 2490 MHz, 10251 MHz, 3105 MHz, 76, 449.96 W, 450.00 W, 100 %, 22 %, Not Active, Active, Not Active, Not Active, Not Active, 0x0000000000000004
2026/09/14 17:50:18.208, GPU-5b052ad1-4272-40db-4b25-c930bf32b547, NVIDIA GeForce RTX 4090, 2490 MHz, 10251 MHz, 3105 MHz, 75, 449.44 W, 450.00 W, 100 %, 22 %, Not Active, Active, Not Active, Not Active, Not Active, 0x0000000000000004
2026/09/14 17:50:23.208, GPU-5b052ad1-4272-40db-4b25-c930bf32b547, NVIDIA GeForce RTX 4090, 2460 MHz, 10251 MHz, 3105 MHz, 75, 449.54 W, 450.00 W, 100 %, 22 %, Not Active, Active, Not Active, Not Active, Not Active, 0x0000000000000004
2026/09/14 17:50:28.224, GPU-5b052ad1-4272-40db-4b25-c930bf32b547, NVIDIA GeForce RTX 4090, 2460 MHz, 10251 MHz, 3105 MHz, 75, 449.79 W, 450.00 W, 100 %, 22 %, Not Active, Active, Not Active, Not Active, Not Active, 0x0000000000000004
2026/09/14 17:50:33.225, GPU-5b052ad1-4272-40db-4b25-c930bf32b547, NVIDIA GeForce RTX 4090, 2460 MHz, 10251 MHz, 3105 MHz, 75, 449.74 W, 450.00 W, 100 %, 22 %, Not Active, Active, Not Active, Not Active, Not Active, 0x0000000000000004
2026/09/14 17:50:38.230, GPU-5b052ad1-4272-40db-4b25-c930bf32b547, NVIDIA GeForce RTX 4090, 2490 MHz, 10251 MHz, 3105 MHz, 75, 449.60 W, 450.00 W, 100 %, 22 %, Not Active, Active, Not Active, Not Active, Not Active, 0x0000000000000004
2026/09/14 17:50:43.244, GPU-5b052ad1-4272-40db-4b25-c930bf32b547, NVIDIA GeForce RTX 4090, 2490 MHz, 10251 MHz, 3105 MHz, 75, 450.12 W, 450.00 W, 100 %, 22 %, Not Active, Active, Not Active, Not Active, Not Active, 0x0000000000000004
2026/09/14 17:50:48.255, GPU-5b052ad1-4272-40db-4b25-c930bf32b547, NVIDIA GeForce RTX 4090, 2460 MHz, 10251 MHz, 3105 MHz, 75, 449.57 W, 450.00 W, 100 %, 22 %, Not Active, Active, Not Active, Not Active, Not Active, 0x0000000000000004
2026/09/14 17:50:53.261, GPU-5b052ad1-4272-40db-4b25-c930bf32b547, NVIDIA GeForce RTX 4090, 2460 MHz, 10251 MHz, 3105 MHz, 75, 449.63 W, 450.00 W, 100 %, 22 %, Not Active, Active, Not Active, Not Active, Not Active, 0x0000000000000004
2026/09/14 17:50:58.263, GPU-5b052ad1-4272-40db-4b25-c930bf32b547, NVIDIA GeForce RTX 4090, 2475 MHz, 10251 MHz, 3105 MHz, 75, 449.23 W, 450.00 W, 100 %, 22 %, Not Active, Active, Not Active, Not Active, Not Active, 0x0000000000000004
2026/09/14 17:51:03.273, GPU-5b052ad1-4272-40db-4b25-c930bf32b547, NVIDIA GeForce RTX 4090, 2490 MHz, 10251 MHz, 3105 MHz, 75, 449.65 W, 450.00 W, 100 %, 22 %, Not Active, Active, Not Active, Not Active, Not Active, 0x0000000000000004
2026/09/14 17:51:08.286, GPU-5b052ad1-4272-40db-4b25-c930bf32b547, NVIDIA GeForce RTX 4090, 2475 MHz, 10251 MHz, 3105 MHz, 75, 449.76 W, 450.00 W, 100 %, 22 %, Not Active, Active, Not Active, Not Active, Not Active, 0x0000000000000004
2026/09/14 17:51:13.286, GPU-5b052ad1-4272-40db-4b25-c930bf32b547, NVIDIA GeForce RTX 4090, 2460 MHz, 10251 MHz, 3105 MHz, 75, 449.65 W, 450.00 W, 100 %, 22 %, Not Active, Active, Not Active, Not Active, Not Active, 0x0000000000000004
2026/09/14 17:51:18.289, GPU-5b052ad1-4272-40db-4b25-c930bf32b547, NVIDIA GeForce RTX 4090, 2475 MHz, 10251 MHz, 3105 MHz, 75, 449.44 W, 450.00 W, 100 %, 22 %, Not Active, Active, Not Active, Not Active, Not Active, 0x0000000000000004
2026/09/14 17:51:23.294, GPU-5b052ad1-4272-40db-4b25-c930bf32b547, NVIDIA GeForce RTX 4090, 2490 MHz, 10251 MHz, 3105 MHz, 75, 449.70 W, 450.00 W, 100 %, 22 %, Not Active, Active, Not Active, Not Active, Not Active, 0x0000000000000004
2026/09/14 17:51:28.301, GPU-5b052ad1-4272-40db-4b25-c930bf32b547, NVIDIA GeForce RTX 4090, 2490 MHz, 10251 MHz, 3105 MHz, 75, 449.35 W, 450.00 W, 100 %, 22 %, Not Active, Active, Not Active, Not Active, Not Active, 0x0000000000000004
2026/09/14 17:51:33.317, GPU-5b052ad1-4272-40db-4b25-c930bf32b547, NVIDIA GeForce RTX 4090, 2490 MHz, 10251 MHz, 3105 MHz, 75, 449.98 W, 450.00 W, 100 %, 22 %, Not Active, Active, Not Active, Not Active, Not Active, 0x0000000000000004
2026/09/14 17:51:38.325, GPU-5b052ad1-4272-40db-4b25-c930bf32b547, NVIDIA GeForce RTX 4090, 2475 MHz, 10251 MHz, 3105 MHz, 75, 449.98 W, 450.00 W, 100 %, 22 %, Not Active, Active, Not Active, Not Active, Not Active, 0x0000000000000004
2026/09/14 17:51:43.329, GPU-5b052ad1-4272-40db-4b25-c930bf32b547, NVIDIA GeForce RTX 4090, 2460 MHz, 10251 MHz, 3105 MHz, 75, 449.99 W, 450.00 W, 100 %, 22 %, Not Active, Active, Not Active, Not Active, Not Active, 0x0000000000000004
2026/09/14 17:51:48.331, GPU-5b052ad1-4272-40db-4b25-c930bf32b547, NVIDIA GeForce RTX 4090, 2460 MHz, 10251 MHz, 3105 MHz, 75, 449.78 W, 450.00 W, 100 %, 22 %, Not Active, Active, Not Active, Not Active, Not Active, 0x0000000000000004
2026/09/14 17:51:53.347, GPU-5b052ad1-4272-40db-4b25-c930bf32b547, NVIDIA GeForce RTX 4090, 2505 MHz, 10251 MHz, 3105 MHz, 74, 449.74 W, 450.00 W, 100 %, 22 %, Not Active, Active, Not Active, Not Active, Not Active, 0x0000000000000004
2026/09/14 17:51:58.355, GPU-5b052ad1-4272-40db-4b25-c930bf32b547, NVIDIA GeForce RTX 4090, 2475 MHz, 10251 MHz, 3105 MHz, 75, 449.53 W, 450.00 W, 100 %, 22 %, Not Active, Active, Not Active, Not Active, Not Active, 0x0000000000000004
2026/09/14 17:52:03.357, GPU-5b052ad1-4272-40db-4b25-c930bf32b547, NVIDIA GeForce RTX 4090, 2475 MHz, 10251 MHz, 3105 MHz, 75, 449.67 W, 450.00 W, 100 %, 22 %, Not Active, Active, Not Active, Not Active, Not Active, 0x0000000000000004
2026/09/14 17:52:08.368, GPU-5b052ad1-4272-40db-4b25-c930bf32b547, NVIDIA GeForce RTX 4090, 2460 MHz, 10251 MHz, 3105 MHz, 75, 449.71 W, 450.00 W, 100 %, 22 %, Not Active, Active, Not Active, Not Active, Not Active, 0x0000000000000004
2026/09/14 17:52:13.376, GPU-5b052ad1-4272-40db-4b25-c930bf32b547, NVIDIA GeForce RTX 4090, 2475 MHz, 10251 MHz, 3105 MHz, 75, 449.95 W, 450.00 W, 100 %, 22 %, Not Active, Active, Not Active, Not Active, Not Active, 0x0000000000000004
2026/09/14 17:52:18.387, GPU-5b052ad1-4272-40db-4b25-c930bf32b547, NVIDIA GeForce RTX 4090, 2505 MHz, 10251 MHz, 3105 MHz, 75, 449.75 W, 450.00 W, 100 %, 22 %, Not Active, Active, Not Active, Not Active, Not Active, 0x0000000000000004
2026/09/14 17:52:23.390, GPU-5b052ad1-4272-40db-4b25-c930bf32b547, NVIDIA GeForce RTX 4090, 2475 MHz, 10251 MHz, 3105 MHz, 75, 449.51 W, 450.00 W, 100 %, 22 %, Not Active, Active, Not Active, Not Active, Not Active, 0x0000000000000004
2026/09/14 17:52:28.399, GPU-5b052ad1-4272-40db-4b25-c930bf32b547, NVIDIA GeForce RTX 4090, 2490 MHz, 10251 MHz, 3105 MHz, 75, 449.57 W, 450.00 W, 100 %, 22 %, Not Active, Active, Not Active, Not Active, Not Active, 0x0000000000000004
2026/09/14 17:52:33.414, GPU-5b052ad1-4272-40db-4b25-c930bf32b547, NVIDIA GeForce RTX 4090, 2490 MHz, 10251 MHz, 3105 MHz, 74, 449.88 W, 450.00 W, 100 %, 22 %, Not Active, Active, Not Active, Not Active, Not Active, 0x0000000000000004
2026/09/14 17:52:38.416, GPU-5b052ad1-4272-40db-4b25-c930bf32b547, NVIDIA GeForce RTX 4090, 2490 MHz, 10251 MHz, 3105 MHz, 74, 449.69 W, 450.00 W, 100 %, 22 %, Not Active, Active, Not Active, Not Active, Not Active, 0x0000000000000004
2026/09/14 17:52:43.428, GPU-5b052ad1-4272-40db-4b25-c930bf32b547, NVIDIA GeForce RTX 4090, 2475 MHz, 10251 MHz, 3105 MHz, 75, 449.48 W, 450.00 W, 100 %, 22 %, Not Active, Active, Not Active, Not Active, Not Active, 0x0000000000000004
2026/09/14 17:52:48.435, GPU-5b052ad1-4272-40db-4b25-c930bf32b547, NVIDIA GeForce RTX 4090, 2475 MHz, 10251 MHz, 3105 MHz, 75, 449.70 W, 450.00 W, 100 %, 22 %, Not Active, Active, Not Active, Not Active, Not Active, 0x0000000000000004
2026/09/14 17:52:53.445, GPU-5b052ad1-4272-40db-4b25-c930bf32b547, NVIDIA GeForce RTX 4090, 2475 MHz, 10251 MHz, 3105 MHz, 75, 449.60 W, 450.00 W, 100 %, 22 %, Not Active, Active, Not Active, Not Active, Not Active, 0x0000000000000004
2026/09/14 17:52:58.457, GPU-5b052ad1-4272-40db-4b25-c930bf32b547, NVIDIA GeForce RTX 4090, 2460 MHz, 10251 MHz, 3105 MHz, 74, 449.57 W, 450.00 W, 100 %, 22 %, Not Active, Active, Not Active, Not Active, Not Active, 0x0000000000000004
2026/09/14 17:53:03.467, GPU-5b052ad1-4272-40db-4b25-c930bf32b547, NVIDIA GeForce RTX 4090, 2490 MHz, 10251 MHz, 3105 MHz, 75, 450.27 W, 450.00 W, 100 %, 22 %, Not Active, Active, Not Active, Not Active, Not Active, 0x0000000000000004
2026/09/14 17:53:08.479, GPU-5b052ad1-4272-40db-4b25-c930bf32b547, NVIDIA GeForce RTX 4090, 2475 MHz, 10251 MHz, 3105 MHz, 75, 449.65 W, 450.00 W, 100 %, 22 %, Not Active, Active, Not Active, Not Active, Not Active, 0x0000000000000004
2026/09/14 17:53:13.489, GPU-5b052ad1-4272-40db-4b25-c930bf32b547, NVIDIA GeForce RTX 4090, 2475 MHz, 10251 MHz, 3105 MHz, 75, 449.99 W, 450.00 W, 100 %, 22 %, Not Active, Active, Not Active, Not Active, Not Active, 0x0000000000000004
2026/09/14 17:53:18.504, GPU-5b052ad1-4272-40db-4b25-c930bf32b547, NVIDIA GeForce RTX 4090, 2475 MHz, 10251 MHz, 3105 MHz, 75, 449.61 W, 450.00 W, 100 %, 22 %, Not Active, Active, Not Active, Not Active, Not Active, 0x0000000000000004
2026/09/14 17:53:23.515, GPU-5b052ad1-4272-40db-4b25-c930bf32b547, NVIDIA GeForce RTX 4090, 2475 MHz, 10251 MHz, 3105 MHz, 75, 449.77 W, 450.00 W, 100 %, 22 %, Not Active, Active, Not Active, Not Active, Not Active, 0x0000000000000004
2026/09/14 17:53:28.522, GPU-5b052ad1-4272-40db-4b25-c930bf32b547, NVIDIA GeForce RTX 4090, 2475 MHz, 10251 MHz, 3105 MHz, 75, 449.73 W, 450.00 W, 100 %, 22 %, Not Active, Active, Not Active, Not Active, Not Active, 0x0000000000000004
2026/09/14 17:53:33.527, GPU-5b052ad1-4272-40db-4b25-c930bf32b547, NVIDIA GeForce RTX 4090, 2475 MHz, 10251 MHz, 3105 MHz, 75, 449.67 W, 450.00 W, 100 %, 22 %, Not Active, Active, Not Active, Not Active, Not Active, 0x0000000000000004
2026/09/14 17:53:38.542, GPU-5b052ad1-4272-40db-4b25-c930bf32b547, NVIDIA GeForce RTX 4090, 2475 MHz, 10251 MHz, 3105 MHz, 74, 449.97 W, 450.00 W, 100 %, 22 %, Not Active, Active, Not Active, Not Active, Not Active, 0x0000000000000004
2026/09/14 17:53:43.546, GPU-5b052ad1-4272-40db-4b25-c930bf32b547, NVIDIA GeForce RTX 4090, 2475 MHz, 10251 MHz, 3105 MHz, 74, 450.02 W, 450.00 W, 100 %, 22 %, Not Active, Active, Not Active, Not Active, Not Active, 0x0000000000000004
2026/09/14 17:53:48.558, GPU-5b052ad1-4272-40db-4b25-c930bf32b547, NVIDIA GeForce RTX 4090, 2490 MHz, 10251 MHz, 3105 MHz, 75, 450.06 W, 450.00 W, 100 %, 22 %, Not Active, Active, Not Active, Not Active, Not Active, 0x0000000000000004
2026/09/14 17:53:53.566, GPU-5b052ad1-4272-40db-4b25-c930bf32b547, NVIDIA GeForce RTX 4090, 2475 MHz, 10251 MHz, 3105 MHz, 75, 449.66 W, 450.00 W, 100 %, 22 %, Not Active, Active, Not Active, Not Active, Not Active, 0x0000000000000004
2026/09/14 17:53:58.569, GPU-5b052ad1-4272-40db-4b25-c930bf32b547, NVIDIA GeForce RTX 4090, 2460 MHz, 10251 MHz, 3105 MHz, 75, 449.70 W, 450.00 W, 100 %, 22 %, Not Active, Active, Not Active, Not Active, Not Active, 0x0000000000000004
2026/09/14 17:54:03.583, GPU-5b052ad1-4272-40db-4b25-c930bf32b547, NVIDIA GeForce RTX 4090, 2490 MHz, 10251 MHz, 3105 MHz, 75, 449.93 W, 450.00 W, 100 %, 22 %, Not Active, Active, Not Active, Not Active, Not Active, 0x0000000000000004
2026/09/14 17:54:08.599, GPU-5b052ad1-4272-40db-4b25-c930bf32b547, NVIDIA GeForce RTX 4090, 2475 MHz, 10251 MHz, 3105 MHz, 75, 449.80 W, 450.00 W, 100 %, 22 %, Not Active, Active, Not Active, Not Active, Not Active, 0x0000000000000004
2026/09/14 17:54:13.610, GPU-5b052ad1-4272-40db-4b25-c930bf32b547, NVIDIA GeForce RTX 4090, 2490 MHz, 10251 MHz, 3105 MHz, 75, 449.72 W, 450.00 W, 100 %, 22 %, Not Active, Active, Not Active, Not Active, Not Active, 0x0000000000000004
2026/09/14 17:54:18.625, GPU-5b052ad1-4272-40db-4b25-c930bf32b547, NVIDIA GeForce RTX 4090, 2475 MHz, 10251 MHz, 3105 MHz, 75, 450.03 W, 450.00 W, 100 %, 22 %, Not Active, Active, Not Active, Not Active, Not Active, 0x0000000000000004
2026/09/14 17:54:23.641, GPU-5b052ad1-4272-40db-4b25-c930bf32b547, NVIDIA GeForce RTX 4090, 2475 MHz, 10251 MHz, 3105 MHz, 74, 449.47 W, 450.00 W, 100 %, 22 %, Not Active, Active, Not Active, Not Active, Not Active, 0x0000000000000004
2026/09/14 17:54:28.650, GPU-5b052ad1-4272-40db-4b25-c930bf32b547, NVIDIA GeForce RTX 4090, 2490 MHz, 10251 MHz, 3105 MHz, 74, 449.82 W, 450.00 W, 100 %, 22 %, Not Active, Active, Not Active, Not Active, Not Active, 0x0000000000000004
2026/09/14 17:54:33.652, GPU-5b052ad1-4272-40db-4b25-c930bf32b547, NVIDIA GeForce RTX 4090, 2505 MHz, 10251 MHz, 3105 MHz, 75, 449.72 W, 450.00 W, 100 %, 22 %, Not Active, Active, Not Active, Not Active, Not Active, 0x0000000000000004
2026/09/14 17:54:38.658, GPU-5b052ad1-4272-40db-4b25-c930bf32b547, NVIDIA GeForce RTX 4090, 2475 MHz, 10251 MHz, 3105 MHz, 75, 450.12 W, 450.00 W, 100 %, 22 %, Not Active, Active, Not Active, Not Active, Not Active, 0x0000000000000004
2026/09/14 17:54:43.670, GPU-5b052ad1-4272-40db-4b25-c930bf32b547, NVIDIA GeForce RTX 4090, 2475 MHz, 10251 MHz, 3105 MHz, 74, 449.81 W, 450.00 W, 100 %, 22 %, Not Active, Active, Not Active, Not Active, Not Active, 0x0000000000000004
2026/09/14 17:54:48.683, GPU-5b052ad1-4272-40db-4b25-c930bf32b547, NVIDIA GeForce RTX 4090, 2475 MHz, 10251 MHz, 3105 MHz, 74, 449.91 W, 450.00 W, 100 %, 22 %, Not Active, Active, Not Active, Not Active, Not Active, 0x0000000000000004
2026/09/14 17:54:53.692, GPU-5b052ad1-4272-40db-4b25-c930bf32b547, NVIDIA GeForce RTX 4090, 2460 MHz, 10251 MHz, 3105 MHz, 75, 450.04 W, 450.00 W, 100 %, 22 %, Not Active, Active, Not Active, Not Active, Not Active, 0x0000000000000004
2026/09/14 17:54:58.703, GPU-5b052ad1-4272-40db-4b25-c930bf32b547, NVIDIA GeForce RTX 4090, 2475 MHz, 10251 MHz, 3105 MHz, 75, 449.89 W, 450.00 W, 100 %, 22 %, Not Active, Active, Not Active, Not Active, Not Active, 0x0000000000000004
2026/09/14 17:55:03.706, GPU-5b052ad1-4272-40db-4b25-c930bf32b547, NVIDIA GeForce RTX 4090, 2490 MHz, 10251 MHz, 3105 MHz, 75, 449.61 W, 450.00 W, 100 %, 22 %, Not Active, Active, Not Active, Not Active, Not Active, 0x0000000000000004
2026/09/14 17:55:08.722, GPU-5b052ad1-4272-40db-4b25-c930bf32b547, NVIDIA GeForce RTX 4090, 2460 MHz, 10251 MHz, 3105 MHz, 75, 449.58 W, 450.00 W, 100 %, 22 %, Not Active, Active, Not Active, Not Active, Not Active, 0x0000000000000004
2026/09/14 17:55:13.726, GPU-5b052ad1-4272-40db-4b25-c930bf32b547, NVIDIA GeForce RTX 4090, 2475 MHz, 10251 MHz, 3105 MHz, 75, 450.12 W, 450.00 W, 100 %, 22 %, Not Active, Active, Not Active, Not Active, Not Active, 0x0000000000000004
2026/09/14 17:55:18.738, GPU-5b052ad1-4272-40db-4b25-c930bf32b547, NVIDIA GeForce RTX 4090, 2460 MHz, 10251 MHz, 3105 MHz, 75, 449.65 W, 450.00 W, 100 %, 22 %, Not Active, Active, Not Active, Not Active, Not Active, 0x0000000000000004
2026/09/14 17:55:23.748, GPU-5b052ad1-4272-40db-4b25-c930bf32b547, NVIDIA GeForce RTX 4090, 2490 MHz, 10251 MHz, 3105 MHz, 75, 449.79 W, 450.00 W, 100 %, 22 %, Not Active, Active, Not Active, Not Active, Not Active, 0x0000000000000004
2026/09/14 17:55:28.750, GPU-5b052ad1-4272-40db-4b25-c930bf32b547, NVIDIA GeForce RTX 4090, 2475 MHz, 10251 MHz, 3105 MHz, 75, 449.75 W, 450.00 W, 100 %, 22 %, Not Active, Active, Not Active, Not Active, Not Active, 0x0000000000000004
2026/09/14 17:55:33.766, GPU-5b052ad1-4272-40db-4b25-c930bf32b547, NVIDIA GeForce RTX 4090, 2475 MHz, 10251 MHz, 3105 MHz, 75, 449.71 W, 450.00 W, 100 %, 22 %, Not Active, Active, Not Active, Not Active, Not Active, 0x0000000000000004
2026/09/14 17:55:38.781, GPU-5b052ad1-4272-40db-4b25-c930bf32b547, NVIDIA GeForce RTX 4090, 2475 MHz, 10251 MHz, 3105 MHz, 75, 449.67 W, 450.00 W, 100 %, 22 %, Not Active, Active, Not Active, Not Active, Not Active, 0x0000000000000004
2026/09/14 17:55:43.794, GPU-5b052ad1-4272-40db-4b25-c930bf32b547, NVIDIA GeForce RTX 4090, 2475 MHz, 10251 MHz, 3105 MHz, 75, 449.89 W, 450.00 W, 100 %, 22 %, Not Active, Active, Not Active, Not Active, Not Active, 0x0000000000000004
2026/09/14 17:55:48.809, GPU-5b052ad1-4272-40db-4b25-c930bf32b547, NVIDIA GeForce RTX 4090, 2505 MHz, 10251 MHz, 3105 MHz, 74, 449.82 W, 450.00 W, 100 %, 22 %, Not Active, Active, Not Active, Not Active, Not Active, 0x0000000000000004
2026/09/14 17:55:53.825, GPU-5b052ad1-4272-40db-4b25-c930bf32b547, NVIDIA GeForce RTX 4090, 2460 MHz, 10251 MHz, 3105 MHz, 74, 449.73 W, 450.00 W, 100 %, 22 %, Not Active, Active, Not Active, Not Active, Not Active, 0x0000000000000004
2026/09/14 17:55:58.834, GPU-5b052ad1-4272-40db-4b25-c930bf32b547, NVIDIA GeForce RTX 4090, 2460 MHz, 10251 MHz, 3105 MHz, 75, 449.69 W, 450.00 W, 100 %, 22 %, Not Active, Active, Not Active, Not Active, Not Active, 0x0000000000000004
2026/09/14 17:56:03.849, GPU-5b052ad1-4272-40db-4b25-c930bf32b547, NVIDIA GeForce RTX 4090, 2475 MHz, 10251 MHz, 3105 MHz, 75, 449.28 W, 450.00 W, 100 %, 22 %, Not Active, Active, Not Active, Not Active, Not Active, 0x0000000000000004
2026/09/14 17:56:08.863, GPU-5b052ad1-4272-40db-4b25-c930bf32b547, NVIDIA GeForce RTX 4090, 2490 MHz, 10251 MHz, 3105 MHz, 75, 449.66 W, 450.00 W, 100 %, 22 %, Not Active, Active, Not Active, Not Active, Not Active, 0x0000000000000004
2026/09/14 17:56:13.875, GPU-5b052ad1-4272-40db-4b25-c930bf32b547, NVIDIA GeForce RTX 4090, 2475 MHz, 10251 MHz, 3105 MHz, 75, 449.78 W, 450.00 W, 100 %, 22 %, Not Active, Active, Not Active, Not Active, Not Active, 0x0000000000000004
2026/09/14 17:56:18.890, GPU-5b052ad1-4272-40db-4b25-c930bf32b547, NVIDIA GeForce RTX 4090, 2460 MHz, 10251 MHz, 3105 MHz, 75, 449.89 W, 450.00 W, 100 %, 22 %, Not Active, Active, Not Active, Not Active, Not Active, 0x0000000000000004
2026/09/14 17:56:23.902, GPU-5b052ad1-4272-40db-4b25-c930bf32b547, NVIDIA GeForce RTX 4090, 2475 MHz, 10251 MHz, 3105 MHz, 75, 449.77 W, 450.00 W, 100 %, 22 %, Not Active, Active, Not Active, Not Active, Not Active, 0x0000000000000004
2026/09/14 17:56:28.907, GPU-5b052ad1-4272-40db-4b25-c930bf32b547, NVIDIA GeForce RTX 4090, 2490 MHz, 10251 MHz, 3105 MHz, 75, 449.92 W, 450.00 W, 100 %, 22 %, Not Active, Active, Not Active, Not Active, Not Active, 0x0000000000000004
2026/09/14 17:56:33.910, GPU-5b052ad1-4272-40db-4b25-c930bf32b547, NVIDIA GeForce RTX 4090, 2490 MHz, 10251 MHz, 3105 MHz, 74, 449.62 W, 450.00 W, 100 %, 22 %, Not Active, Active, Not Active, Not Active, Not Active, 0x0000000000000004
2026/09/14 17:56:38.913, GPU-5b052ad1-4272-40db-4b25-c930bf32b547, NVIDIA GeForce RTX 4090, 2460 MHz, 10251 MHz, 3105 MHz, 75, 449.62 W, 450.00 W, 100 %, 22 %, Not Active, Active, Not Active, Not Active, Not Active, 0x0000000000000004
2026/09/14 17:56:43.925, GPU-5b052ad1-4272-40db-4b25-c930bf32b547, NVIDIA GeForce RTX 4090, 2460 MHz, 10251 MHz, 3105 MHz, 75, 450.14 W, 450.00 W, 100 %, 22 %, Not Active, Active, Not Active, Not Active, Not Active, 0x0000000000000004
2026/09/14 17:56:48.938, GPU-5b052ad1-4272-40db-4b25-c930bf32b547, NVIDIA GeForce RTX 4090, 2475 MHz, 10251 MHz, 3105 MHz, 75, 449.55 W, 450.00 W, 100 %, 22 %, Not Active, Active, Not Active, Not Active, Not Active, 0x0000000000000004
2026/09/14 17:56:53.942, GPU-5b052ad1-4272-40db-4b25-c930bf32b547, NVIDIA GeForce RTX 4090, 2490 MHz, 10251 MHz, 3105 MHz, 74, 449.42 W, 450.00 W, 100 %, 22 %, Not Active, Active, Not Active, Not Active, Not Active, 0x0000000000000004
2026/09/14 17:56:58.956, GPU-5b052ad1-4272-40db-4b25-c930bf32b547, NVIDIA GeForce RTX 4090, 2490 MHz, 10251 MHz, 3105 MHz, 75, 449.57 W, 450.00 W, 100 %, 22 %, Not Active, Active, Not Active, Not Active, Not Active, 0x0000000000000004
2026/09/14 17:57:03.967, GPU-5b052ad1-4272-40db-4b25-c930bf32b547, NVIDIA GeForce RTX 4090, 2475 MHz, 10251 MHz, 3105 MHz, 75, 449.90 W, 450.00 W, 100 %, 22 %, Not Active, Active, Not Active, Not Active, Not Active, 0x0000000000000004
2026/09/14 17:57:08.971, GPU-5b052ad1-4272-40db-4b25-c930bf32b547, NVIDIA GeForce RTX 4090, 2475 MHz, 10251 MHz, 3105 MHz, 75, 450.09 W, 450.00 W, 100 %, 22 %, Not Active, Active, Not Active, Not Active, Not Active, 0x0000000000000004
2026/09/14 17:57:13.975, GPU-5b052ad1-4272-40db-4b25-c930bf32b547, NVIDIA GeForce RTX 4090, 2490 MHz, 10251 MHz, 3105 MHz, 75, 449.38 W, 450.00 W, 100 %, 22 %, Not Active, Active, Not Active, Not Active, Not Active, 0x0000000000000004
2026/09/14 17:57:18.981, GPU-5b052ad1-4272-40db-4b25-c930bf32b547, NVIDIA GeForce RTX 4090, 2490 MHz, 10251 MHz, 3105 MHz, 75, 449.62 W, 450.00 W, 100 %, 22 %, Not Active, Active, Not Active, Not Active, Not Active, 0x0000000000000004
2026/09/14 17:57:23.996, GPU-5b052ad1-4272-40db-4b25-c930bf32b547, NVIDIA GeForce RTX 4090, 2460 MHz, 10251 MHz, 3105 MHz, 75, 449.77 W, 450.00 W, 100 %, 22 %, Not Active, Active, Not Active, Not Active, Not Active, 0x0000000000000004
2026/09/14 17:57:29.010, GPU-5b052ad1-4272-40db-4b25-c930bf32b547, NVIDIA GeForce RTX 4090, 2475 MHz, 10251 MHz, 3105 MHz, 75, 450.05 W, 450.00 W, 100 %, 22 %, Not Active, Active, Not Active, Not Active, Not Active, 0x0000000000000004
2026/09/14 17:57:34.023, GPU-5b052ad1-4272-40db-4b25-c930bf32b547, NVIDIA GeForce RTX 4090, 2460 MHz, 10251 MHz, 3105 MHz, 75, 449.50 W, 450.00 W, 100 %, 22 %, Not Active, Active, Not Active, Not Active, Not Active, 0x0000000000000004
2026/09/14 17:57:39.029, GPU-5b052ad1-4272-40db-4b25-c930bf32b547, NVIDIA GeForce RTX 4090, 2490 MHz, 10251 MHz, 3105 MHz, 74, 449.95 W, 450.00 W, 100 %, 22 %, Not Active, Active, Not Active, Not Active, Not Active, 0x0000000000000004
2026/09/14 17:57:44.036, GPU-5b052ad1-4272-40db-4b25-c930bf32b547, NVIDIA GeForce RTX 4090, 2490 MHz, 10251 MHz, 3105 MHz, 75, 449.43 W, 450.00 W, 100 %, 22 %, Not Active, Active, Not Active, Not Active, Not Active, 0x0000000000000004
2026/09/14 17:57:49.050, GPU-5b052ad1-4272-40db-4b25-c930bf32b547, NVIDIA GeForce RTX 4090, 2475 MHz, 10251 MHz, 3105 MHz, 75, 449.58 W, 450.00 W, 100 %, 22 %, Not Active, Active, Not Active, Not Active, Not Active, 0x0000000000000004
2026/09/14 17:57:54.060, GPU-5b052ad1-4272-40db-4b25-c930bf32b547, NVIDIA GeForce RTX 4090, 2475 MHz, 10251 MHz, 3105 MHz, 75, 450.01 W, 450.00 W, 100 %, 22 %, Not Active, Active, Not Active, Not Active, Not Active, 0x0000000000000004
2026/09/14 17:57:59.066, GPU-5b052ad1-4272-40db-4b25-c930bf32b547, NVIDIA GeForce RTX 4090, 2475 MHz, 10251 MHz, 3105 MHz, 74, 449.90 W, 450.00 W, 100 %, 22 %, Not Active, Active, Not Active, Not Active, Not Active, 0x0000000000000004
2026/09/14 17:58:04.071, GPU-5b052ad1-4272-40db-4b25-c930bf32b547, NVIDIA GeForce RTX 4090, 2490 MHz, 10251 MHz, 3105 MHz, 74, 449.82 W, 450.00 W, 100 %, 22 %, Not Active, Active, Not Active, Not Active, Not Active, 0x0000000000000004
2026/09/14 17:58:09.078, GPU-5b052ad1-4272-40db-4b25-c930bf32b547, NVIDIA GeForce RTX 4090, 2490 MHz, 10251 MHz, 3105 MHz, 74, 449.70 W, 450.00 W, 100 %, 22 %, Not Active, Active, Not Active, Not Active, Not Active, 0x0000000000000004
2026/09/14 17:58:14.088, GPU-5b052ad1-4272-40db-4b25-c930bf32b547, NVIDIA GeForce RTX 4090, 2475 MHz, 10251 MHz, 3105 MHz, 74, 449.59 W, 450.00 W, 100 %, 22 %, Not Active, Active, Not Active, Not Active, Not Active, 0x0000000000000004
2026/09/14 17:58:19.092, GPU-5b052ad1-4272-40db-4b25-c930bf32b547, NVIDIA GeForce RTX 4090, 2475 MHz, 10251 MHz, 3105 MHz, 74, 449.70 W, 450.00 W, 100 %, 22 %, Not Active, Active, Not Active, Not Active, Not Active, 0x0000000000000004
2026/09/14 17:58:24.099, GPU-5b052ad1-4272-40db-4b25-c930bf32b547, NVIDIA GeForce RTX 4090, 2475 MHz, 10251 MHz, 3105 MHz, 74, 449.66 W, 450.00 W, 100 %, 22 %, Not Active, Active, Not Active, Not Active, Not Active, 0x0000000000000004
2026/09/14 17:58:29.108, GPU-5b052ad1-4272-40db-4b25-c930bf32b547, NVIDIA GeForce RTX 4090, 2475 MHz, 10251 MHz, 3105 MHz, 74, 449.49 W, 450.00 W, 100 %, 22 %, Not Active, Active, Not Active, Not Active, Not Active, 0x0000000000000004
2026/09/14 17:58:34.109, GPU-5b052ad1-4272-40db-4b25-c930bf32b547, NVIDIA GeForce RTX 4090, 2490 MHz, 10251 MHz, 3105 MHz, 74, 449.52 W, 450.00 W, 100 %, 22 %, Not Active, Active, Not Active, Not Active, Not Active, 0x0000000000000004
2026/09/14 17:58:39.124, GPU-5b052ad1-4272-40db-4b25-c930bf32b547, NVIDIA GeForce RTX 4090, 2475 MHz, 10251 MHz, 3105 MHz, 74, 449.40 W, 450.00 W, 100 %, 22 %, Not Active, Active, Not Active, Not Active, Not Active, 0x0000000000000004
2026/09/14 17:58:44.133, GPU-5b052ad1-4272-40db-4b25-c930bf32b547, NVIDIA GeForce RTX 4090, 2475 MHz, 10251 MHz, 3105 MHz, 74, 449.85 W, 450.00 W, 100 %, 22 %, Not Active, Active, Not Active, Not Active, Not Active, 0x0000000000000004
2026/09/14 17:58:49.144, GPU-5b052ad1-4272-40db-4b25-c930bf32b547, NVIDIA GeForce RTX 4090, 2475 MHz, 10251 MHz, 3105 MHz, 74, 449.99 W, 450.00 W, 100 %, 22 %, Not Active, Active, Not Active, Not Active, Not Active, 0x0000000000000004
2026/09/14 17:58:54.148, GPU-5b052ad1-4272-40db-4b25-c930bf32b547, NVIDIA GeForce RTX 4090, 2475 MHz, 10251 MHz, 3105 MHz, 74, 449.30 W, 450.00 W, 100 %, 22 %, Not Active, Active, Not Active, Not Active, Not Active, 0x0000000000000004
2026/09/14 17:58:59.162, GPU-5b052ad1-4272-40db-4b25-c930bf32b547, NVIDIA GeForce RTX 4090, 2475 MHz, 10251 MHz, 3105 MHz, 74, 449.64 W, 450.00 W, 100 %, 22 %, Not Active, Active, Not Active, Not Active, Not Active, 0x0000000000000004
2026/09/14 17:59:04.171, GPU-5b052ad1-4272-40db-4b25-c930bf32b547, NVIDIA GeForce RTX 4090, 2460 MHz, 10251 MHz, 3105 MHz, 74, 449.70 W, 450.00 W, 100 %, 22 %, Not Active, Active, Not Active, Not Active, Not Active, 0x0000000000000004
2026/09/14 17:59:09.176, GPU-5b052ad1-4272-40db-4b25-c930bf32b547, NVIDIA GeForce RTX 4090, 2475 MHz, 10251 MHz, 3105 MHz, 74, 449.97 W, 450.00 W, 100 %, 22 %, Not Active, Active, Not Active, Not Active, Not Active, 0x0000000000000004
2026/09/14 17:59:14.178, GPU-5b052ad1-4272-40db-4b25-c930bf32b547, NVIDIA GeForce RTX 4090, 2460 MHz, 10251 MHz, 3105 MHz, 74, 449.75 W, 450.00 W, 100 %, 22 %, Not Active, Active, Not Active, Not Active, Not Active, 0x0000000000000004
2026/09/14 17:59:19.188, GPU-5b052ad1-4272-40db-4b25-c930bf32b547, NVIDIA GeForce RTX 4090, 2490 MHz, 10251 MHz, 3105 MHz, 74, 450.09 W, 450.00 W, 100 %, 22 %, Not Active, Active, Not Active, Not Active, Not Active, 0x0000000000000004
2026/09/14 17:59:24.199, GPU-5b052ad1-4272-40db-4b25-c930bf32b547, NVIDIA GeForce RTX 4090, 2475 MHz, 10251 MHz, 3105 MHz, 74, 449.78 W, 450.00 W, 100 %, 22 %, Not Active, Active, Not Active, Not Active, Not Active, 0x0000000000000004
2026/09/14 17:59:29.209, GPU-5b052ad1-4272-40db-4b25-c930bf32b547, NVIDIA GeForce RTX 4090, 2475 MHz, 10251 MHz, 3105 MHz, 74, 449.66 W, 450.00 W, 100 %, 22 %, Not Active, Active, Not Active, Not Active, Not Active, 0x0000000000000004
2026/09/14 17:59:34.211, GPU-5b052ad1-4272-40db-4b25-c930bf32b547, NVIDIA GeForce RTX 4090, 2475 MHz, 10251 MHz, 3105 MHz, 74, 449.46 W, 450.00 W, 100 %, 22 %, Not Active, Active, Not Active, Not Active, Not Active, 0x0000000000000004
2026/09/14 17:59:39.222, GPU-5b052ad1-4272-40db-4b25-c930bf32b547, NVIDIA GeForce RTX 4090, 2490 MHz, 10251 MHz, 3105 MHz, 74, 449.80 W, 450.00 W, 100 %, 22 %, Not Active, Active, Not Active, Not Active, Not Active, 0x0000000000000004
2026/09/14 17:59:44.236, GPU-5b052ad1-4272-40db-4b25-c930bf32b547, NVIDIA GeForce RTX 4090, 2505 MHz, 10251 MHz, 3105 MHz, 74, 449.98 W, 450.00 W, 100 %, 22 %, Not Active, Active, Not Active, Not Active, Not Active, 0x0000000000000004
2026/09/14 17:59:49.241, GPU-5b052ad1-4272-40db-4b25-c930bf32b547, NVIDIA GeForce RTX 4090, 2475 MHz, 10251 MHz, 3105 MHz, 74, 449.74 W, 450.00 W, 100 %, 22 %, Not Active, Active, Not Active, Not Active, Not Active, 0x0000000000000004
2026/09/14 17:59:54.246, GPU-5b052ad1-4272-40db-4b25-c930bf32b547, NVIDIA GeForce RTX 4090, 2475 MHz, 10251 MHz, 3105 MHz, 74, 449.98 W, 450.00 W, 100 %, 22 %, Not Active, Active, Not Active, Not Active, Not Active, 0x0000000000000004
2026/09/14 17:59:59.252, GPU-5b052ad1-4272-40db-4b25-c930bf32b547, NVIDIA GeForce RTX 4090, 2490 MHz, 10251 MHz, 3105 MHz, 74, 449.71 W, 450.00 W, 100 %, 22 %, Not Active, Active, Not Active, Not Active, Not Active, 0x0000000000000004
2026/09/14 18:00:04.256, GPU-5b052ad1-4272-40db-4b25-c930bf32b547, NVIDIA GeForce RTX 4090, 2475 MHz, 10251 MHz, 3105 MHz, 74, 449.86 W, 450.00 W, 100 %, 22 %, Not Active, Active, Not Active, Not Active, Not Active, 0x0000000000000004
2026/09/14 18:00:09.263, GPU-5b052ad1-4272-40db-4b25-c930bf32b547, NVIDIA GeForce RTX 4090, 2490 MHz, 10251 MHz, 3105 MHz, 74, 449.72 W, 450.00 W, 100 %, 22 %, Not Active, Active, Not Active, Not Active, Not Active, 0x0000000000000004
2026/09/14 18:00:14.273, GPU-5b052ad1-4272-40db-4b25-c930bf32b547, NVIDIA GeForce RTX 4090, 2490 MHz, 10251 MHz, 3105 MHz, 74, 449.67 W, 450.00 W, 100 %, 22 %, Not Active, Active, Not Active, Not Active, Not Active, 0x0000000000000004
2026/09/14 18:00:19.280, GPU-5b052ad1-4272-40db-4b25-c930bf32b547, NVIDIA GeForce RTX 4090, 2475 MHz, 10251 MHz, 3105 MHz, 74, 449.85 W, 450.00 W, 100 %, 22 %, Not Active, Active, Not Active, Not Active, Not Active, 0x0000000000000004
2026/09/14 18:00:24.293, GPU-5b052ad1-4272-40db-4b25-c930bf32b547, NVIDIA GeForce RTX 4090, 2505 MHz, 10251 MHz, 3105 MHz, 74, 449.62 W, 450.00 W, 100 %, 23 %, Not Active, Active, Not Active, Not Active, Not Active, 0x0000000000000004
2026/09/14 18:00:29.298, GPU-5b052ad1-4272-40db-4b25-c930bf32b547, NVIDIA GeForce RTX 4090, 2505 MHz, 10251 MHz, 3105 MHz, 74, 449.73 W, 450.00 W, 100 %, 22 %, Not Active, Active, Not Active, Not Active, Not Active, 0x0000000000000004
2026/09/14 18:00:34.314, GPU-5b052ad1-4272-40db-4b25-c930bf32b547, NVIDIA GeForce RTX 4090, 2505 MHz, 10251 MHz, 3105 MHz, 74, 449.60 W, 450.00 W, 100 %, 22 %, Not Active, Active, Not Active, Not Active, Not Active, 0x0000000000000004
2026/09/14 18:00:39.329, GPU-5b052ad1-4272-40db-4b25-c930bf32b547, NVIDIA GeForce RTX 4090, 2490 MHz, 10251 MHz, 3105 MHz, 74, 449.31 W, 450.00 W, 100 %, 23 %, Not Active, Active, Not Active, Not Active, Not Active, 0x0000000000000004
2026/09/14 18:00:44.344, GPU-5b052ad1-4272-40db-4b25-c930bf32b547, NVIDIA GeForce RTX 4090, 2490 MHz, 10251 MHz, 3105 MHz, 74, 449.66 W, 450.00 W, 100 %, 22 %, Not Active, Active, Not Active, Not Active, Not Active, 0x0000000000000004
2026/09/14 18:00:49.353, GPU-5b052ad1-4272-40db-4b25-c930bf32b547, NVIDIA GeForce RTX 4090, 2505 MHz, 10251 MHz, 3105 MHz, 74, 449.52 W, 450.00 W, 100 %, 23 %, Not Active, Active, Not Active, Not Active, Not Active, 0x0000000000000004
2026/09/14 18:00:54.361, GPU-5b052ad1-4272-40db-4b25-c930bf32b547, NVIDIA GeForce RTX 4090, 2505 MHz, 10251 MHz, 3105 MHz, 74, 449.81 W, 450.00 W, 100 %, 22 %, Not Active, Active, Not Active, Not Active, Not Active, 0x0000000000000004
2026/09/14 18:00:59.366, GPU-5b052ad1-4272-40db-4b25-c930bf32b547, NVIDIA GeForce RTX 4090, 2490 MHz, 10251 MHz, 3105 MHz, 74, 449.41 W, 450.00 W, 100 %, 23 %, Not Active, Active, Not Active, Not Active, Not Active, 0x0000000000000004
2026/09/14 18:01:04.381, GPU-5b052ad1-4272-40db-4b25-c930bf32b547, NVIDIA GeForce RTX 4090, 2490 MHz, 10251 MHz, 3105 MHz, 74, 449.62 W, 450.00 W, 100 %, 23 %, Not Active, Active, Not Active, Not Active, Not Active, 0x0000000000000004
2026/09/14 18:01:09.391, GPU-5b052ad1-4272-40db-4b25-c930bf32b547, NVIDIA GeForce RTX 4090, 2490 MHz, 10251 MHz, 3105 MHz, 74, 449.79 W, 450.00 W, 100 %, 22 %, Not Active, Active, Not Active, Not Active, Not Active, 0x0000000000000004
2026/09/14 18:01:14.393, GPU-5b052ad1-4272-40db-4b25-c930bf32b547, NVIDIA GeForce RTX 4090, 2460 MHz, 10251 MHz, 3105 MHz, 74, 449.91 W, 450.00 W, 100 %, 22 %, Not Active, Active, Not Active, Not Active, Not Active, 0x0000000000000004
2026/09/14 18:01:19.403, GPU-5b052ad1-4272-40db-4b25-c930bf32b547, NVIDIA GeForce RTX 4090, 2505 MHz, 10251 MHz, 3105 MHz, 74, 449.63 W, 450.00 W, 100 %, 22 %, Not Active, Active, Not Active, Not Active, Not Active, 0x0000000000000004
2026/09/14 18:01:24.405, GPU-5b052ad1-4272-40db-4b25-c930bf32b547, NVIDIA GeForce RTX 4090, 2475 MHz, 10251 MHz, 3105 MHz, 74, 449.69 W, 450.00 W, 100 %, 22 %, Not Active, Active, Not Active, Not Active, Not Active, 0x0000000000000004
2026/09/14 18:01:29.412, GPU-5b052ad1-4272-40db-4b25-c930bf32b547, NVIDIA GeForce RTX 4090, 2475 MHz, 10251 MHz, 3105 MHz, 74, 449.97 W, 450.00 W, 100 %, 22 %, Not Active, Active, Not Active, Not Active, Not Active, 0x0000000000000004
2026/09/14 18:01:34.414, GPU-5b052ad1-4272-40db-4b25-c930bf32b547, NVIDIA GeForce RTX 4090, 2490 MHz, 10251 MHz, 3105 MHz, 74, 449.83 W, 450.00 W, 100 %, 22 %, Not Active, Active, Not Active, Not Active, Not Active, 0x0000000000000004
2026/09/14 18:01:39.428, GPU-5b052ad1-4272-40db-4b25-c930bf32b547, NVIDIA GeForce RTX 4090, 2505 MHz, 10251 MHz, 3105 MHz, 74, 449.60 W, 450.00 W, 100 %, 22 %, Not Active, Active, Not Active, Not Active, Not Active, 0x0000000000000004
2026/09/14 18:01:44.438, GPU-5b052ad1-4272-40db-4b25-c930bf32b547, NVIDIA GeForce RTX 4090, 2475 MHz, 10251 MHz, 3105 MHz, 74, 449.97 W, 450.00 W, 100 %, 22 %, Not Active, Active, Not Active, Not Active, Not Active, 0x0000000000000004
2026/09/14 18:01:49.447, GPU-5b052ad1-4272-40db-4b25-c930bf32b547, NVIDIA GeForce RTX 4090, 2490 MHz, 10251 MHz, 3105 MHz, 74, 449.90 W, 450.00 W, 100 %, 22 %, Not Active, Active, Not Active, Not Active, Not Active, 0x0000000000000004
2026/09/14 18:01:54.453, GPU-5b052ad1-4272-40db-4b25-c930bf32b547, NVIDIA GeForce RTX 4090, 2490 MHz, 10251 MHz, 3105 MHz, 74, 449.75 W, 450.00 W, 100 %, 22 %, Not Active, Active, Not Active, Not Active, Not Active, 0x0000000000000004
2026/09/14 18:01:59.462, GPU-5b052ad1-4272-40db-4b25-c930bf32b547, NVIDIA GeForce RTX 4090, 2490 MHz, 10251 MHz, 3105 MHz, 74, 449.96 W, 450.00 W, 100 %, 22 %, Not Active, Active, Not Active, Not Active, Not Active, 0x0000000000000004
2026/09/14 18:02:04.466, GPU-5b052ad1-4272-40db-4b25-c930bf32b547, NVIDIA GeForce RTX 4090, 2475 MHz, 10251 MHz, 3105 MHz, 74, 449.72 W, 450.00 W, 100 %, 22 %, Not Active, Active, Not Active, Not Active, Not Active, 0x0000000000000004
2026/09/14 18:02:09.469, GPU-5b052ad1-4272-40db-4b25-c930bf32b547, NVIDIA GeForce RTX 4090, 2475 MHz, 10251 MHz, 3105 MHz, 74, 449.54 W, 450.00 W, 100 %, 22 %, Not Active, Active, Not Active, Not Active, Not Active, 0x0000000000000004
2026/09/14 18:02:14.470, GPU-5b052ad1-4272-40db-4b25-c930bf32b547, NVIDIA GeForce RTX 4090, 2475 MHz, 10251 MHz, 3105 MHz, 74, 449.76 W, 450.00 W, 100 %, 22 %, Not Active, Active, Not Active, Not Active, Not Active, 0x0000000000000004
2026/09/14 18:02:19.486, GPU-5b052ad1-4272-40db-4b25-c930bf32b547, NVIDIA GeForce RTX 4090, 2475 MHz, 10251 MHz, 3105 MHz, 74, 450.06 W, 450.00 W, 100 %, 22 %, Not Active, Active, Not Active, Not Active, Not Active, 0x0000000000000004
2026/09/14 18:02:24.499, GPU-5b052ad1-4272-40db-4b25-c930bf32b547, NVIDIA GeForce RTX 4090, 2490 MHz, 10251 MHz, 3105 MHz, 74, 449.69 W, 450.00 W, 100 %, 22 %, Not Active, Active, Not Active, Not Active, Not Active, 0x0000000000000004
2026/09/14 18:02:29.503, GPU-5b052ad1-4272-40db-4b25-c930bf32b547, NVIDIA GeForce RTX 4090, 2475 MHz, 10251 MHz, 3105 MHz, 74, 449.55 W, 450.00 W, 100 %, 22 %, Not Active, Active, Not Active, Not Active, Not Active, 0x0000000000000004
2026/09/14 18:02:34.512, GPU-5b052ad1-4272-40db-4b25-c930bf32b547, NVIDIA GeForce RTX 4090, 2475 MHz, 10251 MHz, 3105 MHz, 74, 449.78 W, 450.00 W, 100 %, 22 %, Not Active, Active, Not Active, Not Active, Not Active, 0x0000000000000004
2026/09/14 18:02:39.528, GPU-5b052ad1-4272-40db-4b25-c930bf32b547, NVIDIA GeForce RTX 4090, 2490 MHz, 10251 MHz, 3105 MHz, 74, 449.79 W, 450.00 W, 100 %, 22 %, Not Active, Active, Not Active, Not Active, Not Active, 0x0000000000000004
2026/09/14 18:02:44.529, GPU-5b052ad1-4272-40db-4b25-c930bf32b547, NVIDIA GeForce RTX 4090, 2490 MHz, 10251 MHz, 3105 MHz, 74, 449.91 W, 450.00 W, 100 %, 22 %, Not Active, Active, Not Active, Not Active, Not Active, 0x0000000000000004
2026/09/14 18:02:49.542, GPU-5b052ad1-4272-40db-4b25-c930bf32b547, NVIDIA GeForce RTX 4090, 2505 MHz, 10251 MHz, 3105 MHz, 74, 449.48 W, 450.00 W, 100 %, 22 %, Not Active, Active, Not Active, Not Active, Not Active, 0x0000000000000004
2026/09/14 18:02:54.544, GPU-5b052ad1-4272-40db-4b25-c930bf32b547, NVIDIA GeForce RTX 4090, 2490 MHz, 10251 MHz, 3105 MHz, 74, 450.13 W, 450.00 W, 100 %, 22 %, Not Active, Active, Not Active, Not Active, Not Active, 0x0000000000000004
2026/09/14 18:02:59.547, GPU-5b052ad1-4272-40db-4b25-c930bf32b547, NVIDIA GeForce RTX 4090, 2475 MHz, 10251 MHz, 3105 MHz, 74, 449.79 W, 450.00 W, 100 %, 22 %, Not Active, Active, Not Active, Not Active, Not Active, 0x0000000000000004
2026/09/14 18:03:04.560, GPU-5b052ad1-4272-40db-4b25-c930bf32b547, NVIDIA GeForce RTX 4090, 2475 MHz, 10251 MHz, 3105 MHz, 74, 449.67 W, 450.00 W, 100 %, 22 %, Not Active, Active, Not Active, Not Active, Not Active, 0x0000000000000004
2026/09/14 18:03:09.576, GPU-5b052ad1-4272-40db-4b25-c930bf32b547, NVIDIA GeForce RTX 4090, 2490 MHz, 10251 MHz, 3105 MHz, 74, 449.71 W, 450.00 W, 100 %, 22 %, Not Active, Active, Not Active, Not Active, Not Active, 0x0000000000000004
2026/09/14 18:03:14.580, GPU-5b052ad1-4272-40db-4b25-c930bf32b547, NVIDIA GeForce RTX 4090, 2505 MHz, 10251 MHz, 3105 MHz, 74, 450.12 W, 450.00 W, 100 %, 22 %, Not Active, Active, Not Active, Not Active, Not Active, 0x0000000000000004
2026/09/14 18:03:19.589, GPU-5b052ad1-4272-40db-4b25-c930bf32b547, NVIDIA GeForce RTX 4090, 2475 MHz, 10251 MHz, 3105 MHz, 74, 449.92 W, 450.00 W, 100 %, 22 %, Not Active, Active, Not Active, Not Active, Not Active, 0x0000000000000004
2026/09/14 18:03:24.602, GPU-5b052ad1-4272-40db-4b25-c930bf32b547, NVIDIA GeForce RTX 4090, 2475 MHz, 10251 MHz, 3105 MHz, 74, 450.24 W, 450.00 W, 100 %, 22 %, Not Active, Active, Not Active, Not Active, Not Active, 0x0000000000000004
2026/09/14 18:03:29.611, GPU-5b052ad1-4272-40db-4b25-c930bf32b547, NVIDIA GeForce RTX 4090, 2475 MHz, 10251 MHz, 3105 MHz, 74, 449.95 W, 450.00 W, 100 %, 22 %, Not Active, Active, Not Active, Not Active, Not Active, 0x0000000000000004
2026/09/14 18:03:34.620, GPU-5b052ad1-4272-40db-4b25-c930bf32b547, NVIDIA GeForce RTX 4090, 2490 MHz, 10251 MHz, 3105 MHz, 74, 449.91 W, 450.00 W, 100 %, 22 %, Not Active, Active, Not Active, Not Active, Not Active, 0x0000000000000004
2026/09/14 18:03:39.622, GPU-5b052ad1-4272-40db-4b25-c930bf32b547, NVIDIA GeForce RTX 4090, 2490 MHz, 10251 MHz, 3105 MHz, 74, 449.64 W, 450.00 W, 100 %, 22 %, Not Active, Active, Not Active, Not Active, Not Active, 0x0000000000000004
2026/09/14 18:03:44.637, GPU-5b052ad1-4272-40db-4b25-c930bf32b547, NVIDIA GeForce RTX 4090, 2460 MHz, 10251 MHz, 3105 MHz, 74, 449.91 W, 450.00 W, 100 %, 22 %, Not Active, Active, Not Active, Not Active, Not Active, 0x0000000000000004
2026/09/14 18:03:49.652, GPU-5b052ad1-4272-40db-4b25-c930bf32b547, NVIDIA GeForce RTX 4090, 2490 MHz, 10251 MHz, 3105 MHz, 74, 449.68 W, 450.00 W, 100 %, 22 %, Not Active, Active, Not Active, Not Active, Not Active, 0x0000000000000004
2026/09/14 18:03:54.665, GPU-5b052ad1-4272-40db-4b25-c930bf32b547, NVIDIA GeForce RTX 4090, 2475 MHz, 10251 MHz, 3105 MHz, 74, 449.61 W, 450.00 W, 100 %, 22 %, Not Active, Active, Not Active, Not Active, Not Active, 0x0000000000000004
2026/09/14 18:03:59.672, GPU-5b052ad1-4272-40db-4b25-c930bf32b547, NVIDIA GeForce RTX 4090, 2490 MHz, 10251 MHz, 3105 MHz, 74, 449.79 W, 450.00 W, 100 %, 22 %, Not Active, Active, Not Active, Not Active, Not Active, 0x0000000000000004
2026/09/14 18:04:04.685, GPU-5b052ad1-4272-40db-4b25-c930bf32b547, NVIDIA GeForce RTX 4090, 2490 MHz, 10251 MHz, 3105 MHz, 74, 449.91 W, 450.00 W, 100 %, 22 %, Not Active, Active, Not Active, Not Active, Not Active, 0x0000000000000004
2026/09/14 18:04:09.697, GPU-5b052ad1-4272-40db-4b25-c930bf32b547, NVIDIA GeForce RTX 4090, 2475 MHz, 10251 MHz, 3105 MHz, 74, 449.85 W, 450.00 W, 100 %, 22 %, Not Active, Active, Not Active, Not Active, Not Active, 0x0000000000000004
2026/09/14 18:04:14.699, GPU-5b052ad1-4272-40db-4b25-c930bf32b547, NVIDIA GeForce RTX 4090, 2460 MHz, 10251 MHz, 3105 MHz, 74, 450.01 W, 450.00 W, 100 %, 22 %, Not Active, Active, Not Active, Not Active, Not Active, 0x0000000000000004
2026/09/14 18:04:19.703, GPU-5b052ad1-4272-40db-4b25-c930bf32b547, NVIDIA GeForce RTX 4090, 2475 MHz, 10251 MHz, 3105 MHz, 74, 449.64 W, 450.00 W, 100 %, 22 %, Not Active, Active, Not Active, Not Active, Not Active, 0x0000000000000004
2026/09/14 18:04:24.707, GPU-5b052ad1-4272-40db-4b25-c930bf32b547, NVIDIA GeForce RTX 4090, 2520 MHz, 10251 MHz, 3105 MHz, 74, 450.05 W, 450.00 W, 100 %, 22 %, Not Active, Active, Not Active, Not Active, Not Active, 0x0000000000000004
2026/09/14 18:04:29.713, GPU-5b052ad1-4272-40db-4b25-c930bf32b547, NVIDIA GeForce RTX 4090, 2460 MHz, 10251 MHz, 3105 MHz, 74, 450.10 W, 450.00 W, 100 %, 22 %, Not Active, Active, Not Active, Not Active, Not Active, 0x0000000000000004
2026/09/14 18:04:34.716, GPU-5b052ad1-4272-40db-4b25-c930bf32b547, NVIDIA GeForce RTX 4090, 2475 MHz, 10251 MHz, 3105 MHz, 74, 449.96 W, 450.00 W, 100 %, 22 %, Not Active, Active, Not Active, Not Active, Not Active, 0x0000000000000004
2026/09/14 18:04:39.719, GPU-5b052ad1-4272-40db-4b25-c930bf32b547, NVIDIA GeForce RTX 4090, 2490 MHz, 10251 MHz, 3105 MHz, 74, 449.58 W, 450.00 W, 100 %, 22 %, Not Active, Active, Not Active, Not Active, Not Active, 0x0000000000000004
2026/09/14 18:04:44.730, GPU-5b052ad1-4272-40db-4b25-c930bf32b547, NVIDIA GeForce RTX 4090, 2475 MHz, 10251 MHz, 3105 MHz, 74, 450.11 W, 450.00 W, 100 %, 22 %, Not Active, Active, Not Active, Not Active, Not Active, 0x0000000000000004
2026/09/14 18:04:49.734, GPU-5b052ad1-4272-40db-4b25-c930bf32b547, NVIDIA GeForce RTX 4090, 2505 MHz, 10251 MHz, 3105 MHz, 74, 449.64 W, 450.00 W, 100 %, 22 %, Not Active, Active, Not Active, Not Active, Not Active, 0x0000000000000004
2026/09/14 18:04:54.740, GPU-5b052ad1-4272-40db-4b25-c930bf32b547, NVIDIA GeForce RTX 4090, 2475 MHz, 10251 MHz, 3105 MHz, 74, 449.78 W, 450.00 W, 100 %, 22 %, Not Active, Active, Not Active, Not Active, Not Active, 0x0000000000000004
2026/09/14 18:04:59.742, GPU-5b052ad1-4272-40db-4b25-c930bf32b547, NVIDIA GeForce RTX 4090, 2475 MHz, 10251 MHz, 3105 MHz, 74, 449.98 W, 450.00 W, 100 %, 22 %, Not Active, Active, Not Active, Not Active, Not Active, 0x0000000000000004
2026/09/14 18:05:04.744, GPU-5b052ad1-4272-40db-4b25-c930bf32b547, NVIDIA GeForce RTX 4090, 2475 MHz, 10251 MHz, 3105 MHz, 74, 449.86 W, 450.00 W, 100 %, 22 %, Not Active, Active, Not Active, Not Active, Not Active, 0x0000000000000004
2026/09/14 18:05:09.750, GPU-5b052ad1-4272-40db-4b25-c930bf32b547, NVIDIA GeForce RTX 4090, 2475 MHz, 10251 MHz, 3105 MHz, 74, 449.75 W, 450.00 W, 100 %, 22 %, Not Active, Active, Not Active, Not Active, Not Active, 0x0000000000000004
2026/09/14 18:05:14.753, GPU-5b052ad1-4272-40db-4b25-c930bf32b547, NVIDIA GeForce RTX 4090, 2475 MHz, 10251 MHz, 3105 MHz, 74, 449.69 W, 450.00 W, 100 %, 22 %, Not Active, Active, Not Active, Not Active, Not Active, 0x0000000000000004
2026/09/14 18:05:19.768, GPU-5b052ad1-4272-40db-4b25-c930bf32b547, NVIDIA GeForce RTX 4090, 2475 MHz, 10251 MHz, 3105 MHz, 74, 449.63 W, 450.00 W, 100 %, 22 %, Not Active, Active, Not Active, Not Active, Not Active, 0x0000000000000004
2026/09/14 18:05:24.784, GPU-5b052ad1-4272-40db-4b25-c930bf32b547, NVIDIA GeForce RTX 4090, 2490 MHz, 10251 MHz, 3105 MHz, 74, 449.94 W, 450.00 W, 100 %, 22 %, Not Active, Active, Not Active, Not Active, Not Active, 0x0000000000000004
2026/09/14 18:05:29.790, GPU-5b052ad1-4272-40db-4b25-c930bf32b547, NVIDIA GeForce RTX 4090, 2490 MHz, 10251 MHz, 3105 MHz, 73, 449.97 W, 450.00 W, 100 %, 22 %, Not Active, Active, Not Active, Not Active, Not Active, 0x0000000000000004
2026/09/14 18:05:34.793, GPU-5b052ad1-4272-40db-4b25-c930bf32b547, NVIDIA GeForce RTX 4090, 2490 MHz, 10251 MHz, 3105 MHz, 74, 449.88 W, 450.00 W, 100 %, 22 %, Not Active, Active, Not Active, Not Active, Not Active, 0x0000000000000004
2026/09/14 18:05:39.795, GPU-5b052ad1-4272-40db-4b25-c930bf32b547, NVIDIA GeForce RTX 4090, 2475 MHz, 10251 MHz, 3105 MHz, 74, 449.62 W, 450.00 W, 100 %, 22 %, Not Active, Active, Not Active, Not Active, Not Active, 0x0000000000000004
2026/09/14 18:05:44.811, GPU-5b052ad1-4272-40db-4b25-c930bf32b547, NVIDIA GeForce RTX 4090, 2475 MHz, 10251 MHz, 3105 MHz, 74, 449.91 W, 450.00 W, 100 %, 22 %, Not Active, Active, Not Active, Not Active, Not Active, 0x0000000000000004
2026/09/14 18:05:49.826, GPU-5b052ad1-4272-40db-4b25-c930bf32b547, NVIDIA GeForce RTX 4090, 2490 MHz, 10251 MHz, 3105 MHz, 74, 449.51 W, 450.00 W, 100 %, 22 %, Not Active, Active, Not Active, Not Active, Not Active, 0x0000000000000004
2026/09/14 18:05:54.837, GPU-5b052ad1-4272-40db-4b25-c930bf32b547, NVIDIA GeForce RTX 4090, 2475 MHz, 10251 MHz, 3105 MHz, 74, 449.62 W, 450.00 W, 100 %, 22 %, Not Active, Active, Not Active, Not Active, Not Active, 0x0000000000000004
2026/09/14 18:05:59.842, GPU-5b052ad1-4272-40db-4b25-c930bf32b547, NVIDIA GeForce RTX 4090, 2460 MHz, 10251 MHz, 3105 MHz, 74, 449.57 W, 450.00 W, 100 %, 22 %, Not Active, Active, Not Active, Not Active, Not Active, 0x0000000000000004
2026/09/14 18:06:04.847, GPU-5b052ad1-4272-40db-4b25-c930bf32b547, NVIDIA GeForce RTX 4090, 2475 MHz, 10251 MHz, 3105 MHz, 74, 449.93 W, 450.00 W, 100 %, 22 %, Not Active, Active, Not Active, Not Active, Not Active, 0x0000000000000004
2026/09/14 18:06:09.858, GPU-5b052ad1-4272-40db-4b25-c930bf32b547, NVIDIA GeForce RTX 4090, 2490 MHz, 10251 MHz, 3105 MHz, 74, 449.98 W, 450.00 W, 100 %, 22 %, Not Active, Active, Not Active, Not Active, Not Active, 0x0000000000000004
2026/09/14 18:06:14.862, GPU-5b052ad1-4272-40db-4b25-c930bf32b547, NVIDIA GeForce RTX 4090, 2490 MHz, 10251 MHz, 3105 MHz, 74, 449.57 W, 450.00 W, 100 %, 22 %, Not Active, Active, Not Active, Not Active, Not Active, 0x0000000000000004
2026/09/14 18:06:19.863, GPU-5b052ad1-4272-40db-4b25-c930bf32b547, NVIDIA GeForce RTX 4090, 2505 MHz, 10251 MHz, 3105 MHz, 74, 449.90 W, 450.00 W, 100 %, 22 %, Not Active, Active, Not Active, Not Active, Not Active, 0x0000000000000004
2026/09/14 18:06:24.876, GPU-5b052ad1-4272-40db-4b25-c930bf32b547, NVIDIA GeForce RTX 4090, 2505 MHz, 10251 MHz, 3105 MHz, 74, 449.66 W, 450.00 W, 100 %, 22 %, Not Active, Active, Not Active, Not Active, Not Active, 0x0000000000000004
2026/09/14 18:06:29.883, GPU-5b052ad1-4272-40db-4b25-c930bf32b547, NVIDIA GeForce RTX 4090, 2475 MHz, 10251 MHz, 3105 MHz, 74, 450.01 W, 450.00 W, 100 %, 22 %, Not Active, Active, Not Active, Not Active, Not Active, 0x0000000000000004
2026/09/14 18:06:34.885, GPU-5b052ad1-4272-40db-4b25-c930bf32b547, NVIDIA GeForce RTX 4090, 2475 MHz, 10251 MHz, 3105 MHz, 73, 449.80 W, 450.00 W, 100 %, 22 %, Not Active, Active, Not Active, Not Active, Not Active, 0x0000000000000004
2026/09/14 18:06:39.888, GPU-5b052ad1-4272-40db-4b25-c930bf32b547, NVIDIA GeForce RTX 4090, 2460 MHz, 10251 MHz, 3105 MHz, 74, 449.91 W, 450.00 W, 100 %, 22 %, Not Active, Active, Not Active, Not Active, Not Active, 0x0000000000000004
2026/09/14 18:06:44.897, GPU-5b052ad1-4272-40db-4b25-c930bf32b547, NVIDIA GeForce RTX 4090, 2505 MHz, 10251 MHz, 3105 MHz, 74, 449.91 W, 450.00 W, 100 %, 22 %, Not Active, Active, Not Active, Not Active, Not Active, 0x0000000000000004
2026/09/14 18:06:49.911, GPU-5b052ad1-4272-40db-4b25-c930bf32b547, NVIDIA GeForce RTX 4090, 2475 MHz, 10251 MHz, 3105 MHz, 74, 449.95 W, 450.00 W, 100 %, 22 %, Not Active, Active, Not Active, Not Active, Not Active, 0x0000000000000004
2026/09/14 18:06:54.915, GPU-5b052ad1-4272-40db-4b25-c930bf32b547, NVIDIA GeForce RTX 4090, 2475 MHz, 10251 MHz, 3105 MHz, 74, 449.43 W, 450.00 W, 100 %, 22 %, Not Active, Active, Not Active, Not Active, Not Active, 0x0000000000000004
2026/09/14 18:06:59.924, GPU-5b052ad1-4272-40db-4b25-c930bf32b547, NVIDIA GeForce RTX 4090, 2475 MHz, 10251 MHz, 3105 MHz, 74, 449.46 W, 450.00 W, 100 %, 22 %, Not Active, Active, Not Active, Not Active, Not Active, 0x0000000000000004
2026/09/14 18:07:04.933, GPU-5b052ad1-4272-40db-4b25-c930bf32b547, NVIDIA GeForce RTX 4090, 2505 MHz, 10251 MHz, 3105 MHz, 74, 449.66 W, 450.00 W, 100 %, 22 %, Not Active, Active, Not Active, Not Active, Not Active, 0x0000000000000004
